typeId,categories_lists
0,"['High School', 'Private School', 'Catholic School', 'Middle School', 'Preparatory School']"
1,"['Park', 'Nature Preserve', 'Tennis Court', 'Golf Club', 'Playground', 'Natural Feature', 'Amusement Park', 'Sports Complex', 'Recreation Center', 'Ranch', 'Public Swimming Pool', 'Public Golf Course', 'Picnic Ground', 'Non-Profit Organization', 'Off Roading Area', 'Banquet Hall', 'Museum', 'Local Government Office', 'Community Center', 'City Government Office', 'Charity', 'Campground', 'Bird Watching Area', 'Zoo']"
2,"['Sandwich Shop', 'Fast Food Restaurant', 'American Restaurant', 'Bakery', 'Breakfast Restaurant', 'Caterer', 'Middle Eastern Restaurant', 'Salad Shop', 'Store', 'Asian Restaurant', 'Bagel Shop', 'Barbecue Restaurant', 'Catering', 'French Restaurant', 'Hot Dog Stand', 'Vietnamese Restaurant']"
3,"['Department Store', 'Supermarket', 'Photo Lab', 'Warehouse']"
4,"['Asian Restaurant', 'Chinese Restaurant', 'Fast Food Restaurant', 'Restaurant', 'Seafood Restaurant', 'Taiwanese Restaurant', 'Vegetarian Restaurant', 'Buffet Restaurant', 'Asian Fusion Restaurant', 'Mongolian Barbecue Restaurant', 'Middle Eastern Restaurant', 'Afghani Restaurant', 'Family Restaurant', 'Takeout Restaurant', 'Thai Restaurant', 'Vegan Restaurant', 'Dim Sum Restaurant', 'Sushi Restaurant', 'Korean Restaurant', 'Polynesian Restaurant', 'Japanese Steakhouse', 'Cafe', 'Barbecue Restaurant', 'Bar', 'Banquet Hall', 'Vietnamese Restaurant']"
5,"['Hair Salon', 'Beauty Salon', 'Barber Shop', 'Beauty School', 'Body Piercing Shop', 'Ear Piercing Service', 'Facial Spa', 'Hair Removal Service', 'Make-up Artist', 'Massage Therapist', 'Skin Care Clinic', 'Tanning Salon', 'Waxing Hair Removal Service']"
6,"['Computer Repair Service', 'Cell Phone Store', 'Computer Store', 'Computer Support and Services', 'Data Recovery Service', 'Used Computer Store', 'Electronics Repair Shop', 'Computer Software Store', 'Computer Training School', 'Internet Service Provider', 'Repairs', 'Website Designer']"
7,"['American Restaurant', 'Fast Food Restaurant', 'Hamburger Restaurant', 'Cheesesteak Restaurant', 'Bar', 'Bar & Grill', 'Barbecue Restaurant', 'Dessert Shop', 'Diner', 'European Restaurant', 'Grill Store', 'Restaurant or Cafe']"
8,"['Latin American Restaurant', 'Mexican Restaurant', 'Restaurant', 'Bar', 'Chicken Restaurant', 'Seafood Restaurant', 'Takeout Restaurant', 'Bar & Grill', 'South American Restaurant', 'Cafe', 'Grill Store', 'American Restaurant', 'Lounge', 'Spanish Restaurant', 'Pan-Latin Restaurant', 'Cuban Restaurant', 'Argentinian Restaurant', 'Caribbean Restaurant', 'Burrito Restaurant', 'Breakfast Restaurant', 'Brazilian Restaurant', 'Banquet Hall', 'Bakery', 'Tamale Shop']"
9,"['Restaurant', 'Cafe', 'Mexican Restaurant', 'Fast Food Restaurant', 'Coffee Shop', 'Latin American Restaurant', 'Bar', 'Chinese Restaurant', 'Bakery', 'Barbecue Restaurant', 'Seafood Restaurant', 'Middle Eastern Restaurant', 'Sandwich Shop', 'Sushi Restaurant', 'Deli', 'Pizza Restaurant', 'Hamburger Restaurant', 'Asian Restaurant', 'Wine Bar', 'Caterer', 'Breakfast Restaurant', 'Fine Dining Restaurant', 'French Restaurant', 'Thai Restaurant', 'Banquet Hall', 'Italian Restaurant', 'Lounge', 'Live Music Venue', 'Tea House', 'Takeout Restaurant', 'Pub', 'Organic Restaurant', 'Steak House', 'Soup Restaurant', 'Salad Shop', 'Noodle Shop', 'Mediterranean Restaurant', 'African Restaurant', 'Bar & Grill', 'East African Restaurant', 'European Restaurant', 'Fondue Restaurant', 'Buffet Restaurant', 'Central American Restaurant', 'Pool Hall', 'Professional Services', 'Catering', 'Caribbean Restaurant', 'Californian Restaurant', 'Brunch Restaurant', 'Chicken Restaurant', 'British Restaurant', 'Southeast Asian Restaurant', 'Southwestern Restaurant (US)', 'Brazilian Restaurant', 'Bowling Alley', 'Bistro', 'Austrian Restaurant', 'Party Planner', 'North African Restaurant', 'Family Restaurant', 'Clothing Store', 'German Restaurant', 'Greek Restaurant', 'Grill Store', 'Event Venue', 'Hotel', 'Indian Restaurant', 'Irish Pub', 'Event Planner', 'Japanese Restaurant', 'Juice Shop', 'Karaoke Bar', 'Ethiopian Restaurant', 'Dessert Shop', 'Delivery Restaurant', 'Cocktail Bar', 'Frozen Yogurt Shop']"
10,"['Asian Restaurant', 'Japanese Restaurant', 'Sushi Restaurant', 'Restaurant', 'Ramen Restaurant', 'Noodle Shop', 'Korean Restaurant', 'Fast Food Restaurant', 'Bar & Grill', 'Latin American Restaurant', 'Cocktail Bar', 'Catering', 'Buffet Restaurant', 'Steak House', 'Sukiyaki and Shabu Shabu...', 'Barbecue Restaurant', 'Takeout Restaurant']"
11,"['ATM Location', 'Service Station', 'Gas Station', 'Car Wash', 'Convenience Store']"
12,"['Hotel', 'Motel', 'Extended Stay Hotel', 'Meeting Room', 'Luxury Hotel', 'Wedding Venue', 'Lodge', 'Inn', 'Banquet Hall', 'Gas Station', 'Entertainment and Recreation', 'Ballroom', 'Italian Restaurant', 'Convention Center', 'Conference Center', 'Meeting Planning Service', 'Bed & Breakfast', 'Resort', 'Spa', 'Truck Stop', 'Asian Restaurant']"
13,"['Asian Restaurant', 'South Asian Restaurant', 'Indian Restaurant', 'Restaurant', 'Buffet Restaurant', 'Event Venue', 'Family Restaurant', 'Fine Dining Restaurant', 'Stores and Shopping']"
14,"['Chiropractor', 'Massage Therapist', 'Sports Medicine Clinic', 'Pain Management Physician', 'Sports Massage Therapist', 'Wellness Program', 'Pain Control Clinic', 'Holistic Medicine Practitioner', 'Nutritionist', 'Acupuncture Clinic', 'Health Consultant', 'Medical Center', 'Medical Clinic', 'Allergist', 'Massage School', 'Orthopedic Surgeon', 'Massage', 'Personal Trainer', 'Physical Fitness Program', 'Physical Therapy Clinic', 'Physician', 'Emergency Services', 'College', 'Sports Medicine Physician', 'Naturopathic Practitioner']"
15,"['Asian Restaurant', 'Southeast Asian Restaurant', 'Vietnamese Restaurant', 'Noodle Shop', 'Filipino Restaurant', 'Bakery', 'Cambodian Restaurant', 'Fast Food Restaurant', 'Fine Dining Restaurant', 'Indonesian Restaurant', 'Malaysian Restaurant']"
16,"['Acupuncture Clinic', 'Physician', 'Holistic Medicine Practitioner', 'Acupuncture School', 'Asian Massage Therapist', 'Pain Control Clinic', 'Sleep Clinic']"
17,"['European Restaurant', 'Italian Restaurant', 'Restaurant', 'Irish Pub', 'Bar', 'German Restaurant', 'Wine Bar', 'Caterer', 'Spanish Restaurant', 'Pasta Shop', 'Pub', 'Banquet Hall', 'Takeout Restaurant', 'Middle Eastern Restaurant', 'American Restaurant', 'Restaurant or Cafe', 'Mediterranean Restaurant', 'Swiss Restaurant', 'Video Arcade', 'Sandwich Shop', 'Gourmet Grocery Store', 'Latin American Restaurant', 'Asian Restaurant', 'Fondue Restaurant', 'Fast Food Restaurant', 'Entertainment', 'Deli', 'Chicken Wings Restaurant', 'Catering', 'Cafe', 'Bistro', 'Bar & Grill', 'Bakery', 'Wine Store']"
18,"['Coffee Shop', 'Tea House', 'Espresso Bar', 'Bakery', 'Cafe', 'Sandwich Shop', 'Restaurant', 'Live Music Venue', 'Juice Shop', 'Caterer', 'Tea Store', 'Internet Cafe', 'Pizza Restaurant', 'Middle Eastern Restaurant', 'Snack Bar', 'Latin American Restaurant', 'Bagel Shop', 'Fast Food Restaurant', 'Ice Cream Shop', 'Frozen Yogurt Shop', 'Dessert Shop', 'Dessert Restaurant', 'Delivery Restaurant', 'Coffee Store', 'Chocolate Shop', 'Catering', 'Breakfast Restaurant', 'Bistro', 'Wi-Fi Spot']"
19,"[""Women's Clothing Store"", 'Shoe Store', ""Men's Clothing Store"", 'Fashion Accessories Store', 'Clothing Store', 'Department Store', ""Children's Clothing Store"", 'Boutique', 'Leather Goods Store', 'Jeweler', 'Cosmetics Store', 'Home Goods Store', 'Formal Wear Store', 'Linens Store', 'Maternity Store', 'Dress Shop', 'Outlet Store', 'Shoes', 'Sportswear Store', 'Art Gallery']"
20,"['Florist', 'Gift Shop', 'Gift Basket Store', 'Supermarket', 'Grocery Store', 'Pharmacy', 'Dried Flower Shop', 'Wedding Store', 'Travel Agency', 'Stores and Shopping', 'Restaurant or Cafe', 'Bakery', 'Hardware Store', 'Balloon Store', 'Funeral Home', 'Food Service', 'Food Products Supplier', 'Department Store', 'Wholesale Florist']"
21,"['Extended Stay Hotel', 'Motel', 'Airport Shuttle Service', 'Boutique Hotel', 'Business Center', 'Meeting Room']"
22,"['Bakery', 'Deli', 'American Restaurant', 'Supermarket', 'Wedding Bakery', 'Grocery Store', 'Department Store', 'Stores and Shopping', 'Indian Grocery Store', 'Dessert Shop', 'Pretzel Store', 'Caterer', 'Takeout Restaurant', 'Coffee Shop', 'School', 'Restaurant or Cafe', 'Restaurant', 'Pharmacy', 'Grocery Store or Supermarket', 'Cookie Shop', 'Gift Shop', 'Fast Food Restaurant', 'European Restaurant', 'Donut Shop', 'Diner', 'Wholesale Bakery']"
23,"['Frozen Yogurt Shop', 'Dessert Shop', 'Ice Cream Shop', 'Cafe', 'Dessert Restaurant', 'Food Products Supplier', 'Produce Market', 'Restaurant or Cafe']"
24,"['Cafe', 'American Restaurant', 'French Restaurant', 'Fast Food Restaurant', 'Bagel Shop', 'Dessert Shop', 'Caterer', 'Sandwich Shop', 'Vegetarian Restaurant', 'Latin American Restaurant', 'Bar', 'Bar & Grill', 'Salad Shop', 'Cookie Shop', 'Bistro', 'Deli', 'Vegan Restaurant', 'Vietnamese Restaurant', 'Lebanese Restaurant', 'Mediterranean Restaurant', 'University', 'Restaurants', 'Juice Shop', 'Seafood Restaurant', 'South American Restaurant', 'Karaoke Bar', 'European Restaurant', 'Internet Cafe', 'Health Food Restaurant', 'Family Restaurant', 'Crêperie', 'Corporate Campus', 'Community Center', 'Club', 'Chocolate Shop', 'Catering', 'Cajun Restaurant', 'Brunch Restaurant', 'Breakfast Restaurant', 'Book Store', 'Wedding Bakery']"
25,"['Convenience Store', 'Service Station', 'Gas Station', 'Car Wash', 'ATM Location', 'Grocery Store or Supermarket', 'Liquor Store', 'Pharmacy', 'Auto Repair Shop', 'Business Management Consultant', 'Cars', 'Hardware Store']"
26,"['Photo Shop', 'Pharmacy', 'Camera Store', 'Convenience Store', 'Office Supply Store', 'Packaging Supply Store', 'Photo Lab', 'Portrait Studio', 'Variety Store']"
27,"['Mobile Home Park', 'Campground', 'Professional Services', 'RV Park']"
28,"['Barber Shop', 'Hair Salon', 'Beauty Salon', 'Nail Salon', 'Barber Supply Store', 'Beauty Supply Store', 'Sandwich Shop', 'Shopping Mall', 'Supermarket', 'Waxing Hair Removal Service']"
29,"['Bank', 'ATM Location', 'Loan Agency', 'Check Cashing Service', 'Professional Services']"
30,"['Fast Food Restaurant', 'Hamburger Restaurant', 'Restaurant']"
31,"['Apartment Building', 'Apartment Complex', 'Apartment Rental Agency', 'Property Management Company', 'Indoor Lodging', 'Townhouse Complex', 'Real Estate Agency', 'Apartments', 'Condominium Complex', 'Furnished Apartment Building', 'Gym', 'Low Income Housing Program', 'Retirement Home', 'Serviced Apartment']"
32,"['Cosmetic Dentist', 'Emergency Dental Service', 'Dental Clinic', 'Dental Implants Periodontist', 'Dental Lab', 'Pediatric Dentist', 'Walk-In Clinic']"
33,"['Car Inspection Station', 'Smog Inspection Station', 'Auto Tune Up Service', 'Auto Electrical Service', 'Auto Repair Shop', 'Mechanic', 'Transportation Infrastructure']"
34,"['Italian Restaurant', 'Pizza Restaurant', 'European Restaurant', 'Nepalese Restaurant', 'New American Restaurant', 'Restaurant', 'Southern Italian Restaurant', 'Wine Bar']"
35,"['Grocery Store', 'Deli', 'Grocery Store or Supermarket', 'Supermarket', 'Pharmacy', 'Variety Store', 'Stores and Shopping', 'Market', 'Beer Store', 'Tobacco Shop', 'Snack Bar', 'Sandwich Shop', 'Restaurant or Cafe', 'Ranch', 'Photo Shop', 'Mediterranean Restaurant', 'Mexican Grocery Store', 'Beverages', 'Liquor Store', 'Health Club', ""Farmers' Market"", 'Department Store', 'Delivery Restaurant', 'Catering', 'Caterer', 'Wellness Program']"
36,"['Moving & Storage Service', 'Self-Storage Facility', 'Moving Supply Store', 'Boat Storage Facility', 'Mover', 'Trucking Company']"
37,"['Pizza Restaurant', 'European Restaurant', 'Pizza Takeout', 'Restaurant', 'American Restaurant', 'Banquet Hall', 'Bar & Grill', 'Caterer', 'Catering', 'Fast Food Restaurant', 'Gluten-Free Restaurant', 'New American Restaurant', 'Pasta Shop', 'Sandwich Shop', 'Small Plates Restaurant', 'Takeout Restaurant']"
38,"['Plumber', 'Bathroom Remodeler', 'Electrician', 'General Contractor', 'Construction', 'Contractor', 'Excavating Contractor', 'Garbage Collection Service', 'Geyser', 'HVAC Contractor', 'Heating Contractor', 'Mechanical Contractor', 'Painter', 'Plumbing Supply Store', 'Septic System Service']"
39,"['Cell Phone Store', 'Electronics Store', 'Computer Store', 'Telecommunications Service...', 'Computer Repair Service', 'Electronics Repair Shop', 'Telephone Company', 'Book Store', 'Electronics', 'Manufacturer']"
40,"['Bar', 'American Restaurant', 'Steak House', 'Night Club', 'Sports Bar', 'Cocktail Bar', 'Bistro', 'Sushi Restaurant', 'Lounge', 'Seafood Restaurant', 'Pub', 'Pizza Restaurant', 'Banquet Hall', 'Tobacco Shop', 'Sandwich Shop', 'Pool Hall', 'Manufacturing, Mining...', 'Jazz Club', 'Latin American Restaurant', 'Karaoke Bar', 'Asian Restaurant', 'Italian Restaurant', 'Indian Restaurant', 'Hobby Shop', 'Catering', 'Caterer', 'Californian Restaurant', 'Buffet Restaurant', 'Brunch Restaurant', 'Beer Store', 'Wine Store']"
41,"['Beauty Salon', 'Day Spa', 'Cosmetics Store', 'Skin Care Clinic', 'Hair Care', 'Wig Shop', ""Children's Clothing Store"", 'Casino', 'Facial Spa', 'Car Detailing Service', 'Massage', 'Body Piercing Shop', 'Nail Salon', 'Portrait Studio', 'Reflexologist', 'Religious Goods Store', 'Cancer Treatment Center', 'Spa', 'Store', 'Waxing Hair Removal Service', 'Wedding Store', 'Massage Therapist']"
42,"['Toy Store', ""Children's Clothing Store"", 'Art Supply Store', 'Book Store', 'Comic Book Store', 'Educational Supply Store', 'Baby Clothing Store', 'Baby Store', 'Balloon Store', 'Craft Store', 'DVD Store', 'Game Store', 'Greeting Card Shop', 'Hobby Shop', 'Trading Card Store', 'Used Clothing Store']"
43,"['Bicycle Shop', 'Bicycle Repair Shop', 'Entertainment and Recreation', 'Bicycle Rental Service', 'Gym', 'Coffee Shop', 'Outdoor Sports Store', 'Personal Trainer', 'Physical Therapist']"
44,"['Dessert Shop', 'Donut Shop', 'Chocolate Shop', 'Bakery', 'Coffee Shop', 'Dessert Restaurant', 'Wholesale Bakery', 'Bagel Shop', 'Cookie Shop', 'Cupcake Shop', 'Wedding Bakery']"
45,"['Seafood Restaurant', 'Steak House', 'American Restaurant', 'Seafood Market', 'Sushi Restaurant', 'Banquet Hall', 'Fish & Chips Restaurant', 'Restaurant', 'Oyster Bar Restaurant', 'Takeout Restaurant', 'South American Restaurant', 'Food Store', 'Lobster Restaurant', 'Fish and Seafood Restaurant', 'Fast Food Restaurant', 'Dim Sum Restaurant', 'Chicken Restaurant', 'Cajun Restaurant', 'Barbecue Restaurant', 'Bar & Grill', 'Vegetarian Restaurant']"
46,"['Auto Repair Shop', 'Tire Shop', 'Smog Inspection Station', 'Brake Shop', 'Oil Change Service', 'Auto Electrical Service', 'Auto Tune Up Service', 'Auto Body Shop', 'Auto Radiator Repair Service', 'Mechanic', 'Towing Service', 'Engine Rebuilding Service', 'Car Dealer', 'Software Company', 'Store', 'Air Conditioning Repair...', 'Tourist Information Center', 'Truck Rental Agency', 'Trucking Company', 'Volkswagen Dealer', 'Porsche Dealer', 'Gas Station', 'Nissan Dealer', 'Mental Health Clinic', 'Machine Shop', 'Air Filter Supplier', 'Dynamometer Supplier', 'Car Service', 'Car Alarm Supplier', 'Auto Upholsterer', 'Auto Restoration Service', 'Auto Glass Shop', 'Wheel Store']"
47,"['Dental Clinic', 'Cosmetic Dentist', 'Pediatric Dentist', 'Dental Implants Periodontist', 'Dentist', 'Oral Surgeon', 'Medical Center', 'Teeth Whitening Service']"
48,"['Cosmetic Dentist', 'Dentist', 'Dental Implants Periodontist', 'Pediatric Dentist']"
49,"['Day Spa', 'Massage Therapist', 'Facial Spa', 'Massage', 'Reflexologist', 'Sports Massage Therapist', 'Asian Massage Therapist', 'Hair Salon', 'Health Club', 'Hot Tub Store', 'Laser Hair Removal Service', 'Medical Center', 'Medical Spa', 'Skin Care Clinic', 'Spa']"
50,"['High School', 'Public School', 'Special Education School']"
51,"['Service Station', 'Gas Station', 'Car Wash', 'Brake Shop', 'Diesel Fuel Supplier', 'General Contractor', 'Transmission Shop']"
52,"['Sports Bar', 'Cocktail Bar', 'Pub', 'Bowling Alley', 'Lounge', 'Restaurant', 'Event Venue', 'Karaoke Bar', 'Live Music Venue', 'Night Club', 'Pizza Restaurant', 'Pool Hall', 'Video Arcade']"
53,"['Physical Fitness Program', 'Gym', 'Self Defense School', 'Karate School', 'Pilates Studio', 'Baseball Club', 'Batting Cage Center', 'Boxing Gym', 'Club', 'Kickboxing School', 'Muay Thai Boxing Gym', 'Professional Services', 'Sports Massage Therapist', 'Swim Club', 'Tennis Club']"
54,"['Optometrist', 'Eye Care Center', 'Optician', 'Contact Lenses Supplier', 'Sunglasses Store', 'LASIK Surgeon', 'Ophthalmologist', 'Medical Group']"
55,"['Auto Parts Store', 'Used Car Dealer', 'Auto Body Shop', 'Toyota Dealer', 'Car Dealer', 'Tire Shop', 'Honda Dealer', 'Audi Dealer', 'Volkswagen Dealer', 'Oil Change Service', 'Trailer Repair Shop', 'Trailer Hitch Supplier', 'Truck Accessories Store', 'Trailer Dealer', 'Used Truck Dealer', 'Volvo Dealer', 'Subaru Dealer', 'Mitsubishi Dealer', 'Muffler Shop', 'Mechanic', 'Mazda Dealer', 'Junkyard', 'Ford Dealer', 'Chevrolet Dealer', 'Camper Shell Supplier', 'BMW Dealer', 'Auto Tune Up Service', 'Auto Radiator Repair Service', 'Auto Electrical Service', 'Wheel Alignment Service']"
56,"['Breakfast Restaurant', 'American Restaurant', 'Family Restaurant', 'Brunch Restaurant', 'Fast Food Restaurant', 'Diner', 'Hamburger Restaurant', 'French Restaurant', 'Sandwich Shop', 'Pizza Restaurant', 'Dessert Restaurant', 'Banquet Hall', 'Coffee Shop', 'Catering', 'Bistro', 'Bar', 'Vegetarian Restaurant']"
57,"['Pharmacy', 'Cosmetics Store', 'Supermarket', 'Department Store', 'Variety Store', 'Clothing', 'Electronics Store', 'Grocery Store or Supermarket', 'Holistic Medicine Practitioner', 'Medical Supply Store', 'Travel Clinic', 'Vitamin & Supplements Store', 'Wellness Program']"
58,"['Post Office', 'Mailing Service', 'Mailbox Rental Service', 'Check Cashing Service', 'Federal Government Office', 'Money Order Service', 'Print Shop']"
59,"['Dentist', 'Pediatric Dentist', 'Emergency Dental Service', 'Dental Clinic', 'Dental Implants Periodontist', 'Endodontist', 'Medical Center', 'Non-Profit Organization', 'Oral Surgeon', 'Teeth Whitening Service']"
60,"['Chicken Restaurant', 'Chicken Wings Restaurant', 'Takeout Restaurant', 'American Restaurant', 'Caterer']"
61,"['Car Detailing Service', 'Auto Body Shop', 'Auto Dent Removal Service', 'Auto Glass Shop', 'Auto Repair Shop', 'Auto Restoration Service', 'Used Car Dealer', 'Auto Broker', 'Brake Shop', 'Car Repair and Maintenance', 'Infiniti Dealer', 'Professional Services', 'Wheel Alignment Service', 'Window Tinting Service']"
62,"['Software Company', 'Corporate Campus', 'Marketing Consultant', 'Professional Services', 'Website Designer', 'Business Management Consultant', 'Business to Business Service', 'Cell Phone Store', 'Computer Consultant', 'Computer Security Service', 'Internet Marketing Service', 'Learning Center', 'Library', 'Manufacturer']"
63,"['Apartments', 'Apartment Rental Agency', 'Building']"
64,['Restaurants']
65,"['Shopping Mall', 'Cars', 'Outlet Mall', 'Plaza', ""Women's Clothing Store""]"
66,"['Mediterranean Restaurant', 'European Restaurant', 'Greek Restaurant', 'Middle Eastern Restaurant', 'Sandwich Shop', 'American Restaurant', 'Israeli Restaurant', 'Turkish Restaurant', 'Bar & Grill', 'Persian Restaurant', 'Salad Shop', 'Restaurant', 'Lebanese Restaurant', 'Fast Food Restaurant', 'Banquet Hall', 'Conference Center', 'Coffee Shop', 'Cocktail Bar', 'Caterer', 'Cafe', 'Bistro', 'Bar', 'Wine Bar']"
67,"['Oil Change Service', 'Auto Tune Up Service', 'Transmission Shop', 'Air Conditioning Repair...', 'Auto Body Shop', 'Auto Repair Shop', 'BMW Dealer', 'Brake Shop', 'Family Service Center', 'Mechanic', 'Service Station', 'Smog Inspection Station', 'Tire Shop']"
68,"['Clothing Store', ""Men's Clothing Store"", ""Women's Clothing Store"", 'Baby Clothing Store', ""Children's Clothing Store"", 'Fashion Accessories Store', 'Shoe Store']"
69,"['Asian Restaurant', 'Thai Restaurant', 'Southeast Asian Restaurant']"
70,"['Furniture Store', 'Department Store', 'Home Goods Store', 'Gift Shop', 'Home Improvement Store', 'Bedding Store', 'Mattress Store', 'Stores and Shopping', 'Restaurant Supply Store', 'Professional Services', 'Photo Shop', 'Outdoor Furniture Store', 'Office Supply Store', 'Office Furniture Store', 'Lighting Store', 'Liquidator', 'Linens Store', 'Bedroom Furniture Store', 'Hardware Store', 'Futon Store', 'Event Planner', 'Electronics Store', 'Construction', 'Used Office Furniture Store']"
71,"['Clothing Alteration Service', 'Dry Cleaner', 'Tailor', 'Leather Cleaning Service', 'Bridal Shop', 'Laundromat', ""Men's Clothing Store""]"
72,"['Attorney', 'Legal Services', 'Criminal Justice Attorney', 'Divorce Attorney', 'Immigration & Naturalization...', 'Immigration Attorney', 'Notary Public']"
73,"['Auto Body Shop', 'Auto Dent Removal Service', 'Auto Glass Shop', 'Auto Restoration Service', 'Acura Dealer', 'Auto Body Parts Supplier', 'Auto Electrical Service', 'Auto Repair Shop', 'Chrysler Dealer', 'Dodge Dealer', 'Mechanic', 'Towing Service', 'Trailer Repair Shop', 'Transmission Shop']"
74,"['Martial Arts School', 'Karate School', 'After School Program', 'Health and Beauty', 'Kung Fu School', 'Personal Trainer', 'Physical Fitness Program', 'Sporting Goods Store', 'Tutoring Service']"
75,"['Car Wash', 'Gas Station', 'Car Repair and Maintenance', 'Gift Shop', 'Professional Services']"
76,"['Winery', 'Vineyard', 'Wedding Venue', 'Wine Bar', 'Wine Store', 'Bocce Ball Court', 'Brewery', 'Concert Hall', 'Entertainment', 'Gift Shop', 'Pub']"
77,"['Tire Shop', 'Wheel Alignment Service', 'Wheel Store', 'Used Tire Shop', 'Oil Change Service', 'Brake Shop', 'Air Conditioning Repair...', 'Auto Parts Store', 'Auto Repair Shop', 'Auto Tune Up Service', 'Muffler Shop', 'Racing Car Parts Store']"
78,"['Non-Profit Organization', 'Art Museum', 'Art Gallery', 'Banquet Hall', 'Non-Denominational Church', 'Amusement Park Ride', 'Religious Organization', 'Library', 'Medical Center', 'Mosque', 'Needlework Shop', 'Nursery School', 'Police Academy', 'Racquetball Club', 'Railroad Company', 'Senior Citizen Center', 'Research Foundation', 'Kindergarten', 'Soup Kitchen', 'Spa Resort', 'Sports', 'Sports Activity Location', 'Swim Club', 'Swimming Instructor', 'Tennis Club', 'Veterans Organization', 'Laboratory', 'Historical Society', 'Homeless Shelter', 'Dance Company', 'Auditorium', 'Ballet School', 'Biotechnology Company', 'Camp', 'Charter School', 'Child Care Agency', 'Christian Church', 'Corporate Campus', 'Country Club', 'Electric Vehicle Charging...', 'Art Center', 'Environmental Consultant', 'Farm', 'Flight School', 'Food Store', 'Foundation', 'Gift Shop', 'Glass Blower', 'Gym', 'Hindu Temple', 'Youth Social Services...']"
79,"['Truck Rental Agency', 'Trailer Rental Service', 'Moving Supply Store', 'Car Rental Agency', 'Propane Supplier', 'Mover', 'Packaging Supply Store', 'Trailer Dealer', 'Trucking Company', 'Trucking School', 'Used Truck Dealer']"
80,"['American Restaurant', 'Diner', 'Bar & Grill', 'Hamburger Restaurant', 'Barbecue Restaurant', 'Californian Restaurant', 'Steak House', 'Pub', 'European Restaurant', 'Chicken Restaurant', 'Buffet Restaurant', 'Latin American Restaurant', 'Sandwich Shop', 'Family Restaurant', 'Takeout Restaurant', 'Pizza Restaurant', 'Bistro', 'Asian Restaurant', 'Fine Dining Restaurant', 'Brewery', 'Night Club', 'Sports Bar', 'New American Restaurant', 'Spanish Restaurant', 'Soup Kitchen', 'Soup Restaurant', 'Soul Food Restaurant', 'South American Restaurant', 'Vegan Restaurant', 'Southern Restaurant (US)', 'French Restaurant', 'Live Music Venue', 'Karaoke Bar', 'Italian Restaurant', 'Hawaiian Restaurant', 'Fondue Restaurant', 'Continental Restaurant', 'Catering', 'Caterer', 'Cajun Restaurant', 'Brunch Restaurant', 'Brewpub', 'Bowling Alley', 'Beverages', 'Vegetarian Restaurant']"
81,"['Taxi Service', 'Limousine Service', 'Taxicab Stand', 'Transportation', 'Transportation Service']"
82,"['Nail Salon', 'Hair Salon', 'Waxing Hair Removal Service', 'Spa', 'Facial Spa', 'Hair Removal Service', 'Beauty School', 'Day Spa', 'Massage', 'Massage Therapist']"
83,"['Professional Services', 'Mover', 'Commercial Printer', 'School', 'Manufacturing, Mining...', 'Telecommunications Service...', 'Telecommunications Equipment...', 'Nursing Home', 'Storage Facility', 'Advertising Agency', 'Moving Supply Store', 'Neon Sign Shop', 'Research Foundation', 'Restaurant or Cafe', 'Shipping and Mailing', 'Self-Storage Facility', 'Shipping Company', 'Stadium', 'Store', 'Trucking Company', 'Used Computer Store', 'Window Supplier', 'Moving & Storage Service', 'Medical Center', 'Amusement Park', 'Map Store', 'Art Gallery', 'Carpet Store', 'Cars', 'Copy Shop', 'Custom Label Printer', 'Digital Printer', 'Distribution Service', 'Door Supplier', 'Financial Planner', 'Flooring Store', 'Health', 'Health Club', 'High School', 'Japanese Grocery Store', 'Jeweler', 'Lawn Mower Store', 'Lumber Store', 'Wood Floor Refinishing Service']"
84,"['Pet Store', 'Pet Supply Store', 'Pet Groomer', 'Pet Adoption Service', 'Dog Trainer', 'Pet Sitter', 'Pet Trainer', 'Tropical Fish Store', 'Veterinarian']"
85,"['Orthodontist', 'Dental Clinic', 'Cosmetic Dentist', 'Dental Implants Periodontist', 'Pediatric Dentist', 'Denture Care Center', 'Endodontist']"
86,"['Deli', 'Sandwich Shop', 'Gourmet Grocery Store', 'Wine Store', 'Butcher Shop', 'Restaurant', 'Fast Food Restaurant', 'Latin American Restaurant', 'Salad Shop', 'Produce Market', 'Mediterranean Restaurant', 'American Restaurant', 'Italian Restaurant', 'Bakery', 'Catering', 'Caterer', 'Cafe', 'Italian Grocery Store']"
87,"['Bank', 'Mortgage Lender', 'ATM Location']"
88,"['Electrician', 'Electric Vehicle Charging...', 'Auto Electrical Service', 'Electric Motor Repair Shop', 'Electric Motor Store', 'Electrical Engineer', 'General Contractor', 'Manufacturing, Mining...', 'Solar Energy Equipment...', 'Store']"
89,"['Clothing Store', 'Department Store', 'Shoe Store', 'Sportswear Store', 'Discount Store', 'Sporting Goods Store', 'Bedding Store', 'Art Gallery', 'Leather Goods Store', 'Sunglasses Store', 'Shopping Mall', 'Pet Supply Store', 'Feed Store', 'Gift Shop', 'Furniture Store', 'Baby Store', 'Fashion Accessories Store', 'E-commerce Service', ""Children's Clothing Store"", 'Book Store', 'Watch Store']"
90,"['Book Store', 'Gift Shop', 'Music Store', 'Used Book Store', 'Art Gallery', 'Comic Book Store', 'DVD Store', 'Magazine Store', 'Religious Goods Store', 'Video Store']"
91,"['Elementary School', 'Public School', 'Kindergarten', 'Middle School', 'Playground', 'School']"
92,"['Tobacco Shop', 'Cigar Shop', 'Body Piercing Shop', 'Gift Shop', 'Hookah Bar', 'Adult Entertainment Store', 'Clothing Store', 'Craft Store', 'Liquor Store', 'Magazine Store', 'T-shirt Store']"
93,"['Ice Cream Shop', 'Dessert Shop', 'Bakery', 'American Restaurant', 'Cafe', 'Coffee Shop', 'Cookie Shop', 'Crêperie', 'Espresso Bar', 'Fast Food Restaurant', 'French Restaurant', 'Karaoke Bar', 'Restaurant']"
94,"['Personal Trainer', 'Physical Fitness Program', 'Gym', 'Health Club', 'Weight Loss Service', 'Recreation Center']"
95,"['Takeout Restaurant', 'Pizza Delivery', 'Pizza Restaurant', 'Fast Food Restaurant', 'Italian Restaurant', 'Salad Shop', 'Vegan Restaurant']"
96,"['Mover', 'Moving & Storage Service', 'Piano Moving Service', 'Moving Supply Store']"
97,"['Abundant Life Church', 'Church']"
98,"['Community Center', 'Auditorium', 'Hindu Temple', 'Non-Profit Organization', 'Recreation Center', 'Gym', 'Social Services Organization', 'Religious Organization', 'Public Library', 'Preschool', 'Art Center', 'Mosque', 'Art Gallery', 'Health Club', 'Entertainment', 'Business Center', 'Bingo Hall', 'Tennis Court']"
99,"['Korean Restaurant', 'Barbecue Restaurant', 'Korean Barbecue Restaurant', 'Restaurant', 'Asian Fusion Restaurant', 'Asian Restaurant', 'Buffet Restaurant', 'Cell Phone Store', 'Chicken Restaurant', 'Korean Grocery Store', 'Pan-Asian Restaurant', 'Seafood Restaurant']"
100,"['Animal Hospital', 'Veterinarian', 'Emergency Veterinarian Service', 'Kennel', 'Pet Groomer', 'Pet Supply Store', 'Veterans Hospital', 'Veterinary Care']"
101,"['Tax Preparation Service', 'Bookkeeping Service', 'Certified Public Accountant', 'Financial Consultant', 'Accountant', 'Business Management Consultant', 'Notary Public', 'Tax Preparation']"
102,"['Deli', 'Fast Food Restaurant', 'Sandwich Shop']"
103,"['Private School', 'Elementary School', 'Preschool', 'Kindergarten', 'Language School', 'Montessori School', 'College', 'Middle School', 'Religious School', 'University']"
104,"['Cell Phone Store', 'Telephone Company', 'Telecommunications Service...', 'Commercial Printer', 'Computer Store', 'Internet Service Provider', 'Repairs', 'Sign Shop', 'Video Game Store']"
105,"['Indian Restaurant', 'Vegetarian Restaurant', 'Pakistani Restaurant', 'Banquet Hall', 'Buffet Restaurant', 'Caterer', 'Catering', 'Deli', 'Event Venue', 'Nepalese Restaurant', 'Portuguese Restaurant', 'Sandwich Shop', 'South Asian Restaurant', 'Takeout Restaurant']"
106,"['Physician', 'Hospital', 'Medical Center', 'Cancer Treatment Center', ""Children's Hospital"", 'Psychologist', 'Emergency Room', 'Family Planning Center', 'Hair Removal Service', 'Herb Shop', 'Laser Hair Removal Service', 'Marriage Counselor', 'Medical Laboratory', 'Physical Therapy Clinic']"
107,"['Sushi Restaurant', 'Japanese Restaurant', 'Seafood Restaurant', 'Banquet Hall', 'Kaiseki Restaurant', 'Korean Restaurant', 'Restaurant']"
108,"['American Restaurant', 'Chicken Restaurant', 'Fast Food Restaurant']"
109,"['School', 'Elementary School', 'Art Gallery', 'Athletic Field', 'Charter School', 'Culinary School', 'High School', 'Recreation Center', 'School District', 'Surf Shop', 'Swim Club', 'Tutoring Service', 'University']"
110,"['Barbecue Restaurant', 'Fast Food Restaurant', 'Sandwich Shop', 'Soul Food Restaurant', 'Asian Restaurant', 'Bar', 'Breakfast Restaurant', 'Buffet Restaurant', 'European Restaurant', 'Family Restaurant', 'Filipino Restaurant', 'Food Delivery', 'Hamburger Restaurant', 'Pizza Delivery', 'Ramen Restaurant']"
111,"['Fast Food Restaurant', 'Mexican Restaurant', 'Restaurant', 'Brazilian Restaurant']"
112,"['Dry Cleaner', 'Tailor', 'Leather Cleaning Service', 'Carpet Cleaning Service', 'Janitorial Service', 'Laundromat', 'Leather Repair Service']"
113,"['Print Shop', 'Shipping Service', 'Copy Shop', 'Shipping and Mailing', 'Mailing Service', 'Commercial Printer', 'Banner Store', 'Office Supply Store', 'Professional Services', 'Packaging Supply Store', 'Marketing', 'Notary Public', 'Mailbox Rental Service', 'Invitation Printing Service', 'Graphic Designer', 'Fax Service', 'Courier Service', 'Sign Shop']"
114,"['Computer Consultant', 'Computer Repair Service', 'Computer Security Service', 'Used Computer Store', 'Computer Store', 'Data Recovery Service', 'Website Designer']"
115,"['American Restaurant', 'Restaurant', 'Fast Food Restaurant', 'Chicken Restaurant', 'Bar & Grill', 'Bar', 'Asian Restaurant', 'Bistro', 'Breakfast Restaurant', 'Brewery', 'Diner', 'Mediterranean Restaurant', 'Takeout Restaurant']"
116,"['Produce Market', ""Farmers' Market"", 'Cheese Shop', 'Dairy Store', 'Farm', 'Flea Market', 'Food Store', 'Gourmet Grocery Store', 'Natural Foods Store', 'Orchard']"
117,"['Kindergarten', 'Public School', 'Elementary School']"
118,"['Real Estate Agency', 'Commercial Real Estate Agency', 'Property Management Company', 'Real Estate Consultant', 'Home Builder', 'Real Estate Developer', 'Coworking Space', 'Executive Suite Rental Agency', 'Financial Planner', 'Real Estate Rental Agency']"
119,"['Hardware Store', 'Plumbing Supply Store', 'Lumber Store', 'Home Improvement Store', 'Home Goods Store', 'Appliance Store', 'Garden Center', 'Door Supplier', 'Electrical Supply Store', 'Fastener Supplier', 'Fence Supply Store', 'Appliances', 'Distribution Service', 'Kitchen Supply Store', 'Landscaping Supply Store', 'Department Store', 'Plumber', 'Bathroom Supply Store', 'Security System Supplier', 'Tool Store']"
120,"['Education', ""Children's Museum"", 'Club', 'Environmental Program', 'Horseback Riding Service', 'Ranch', 'Volunteer Organization', 'Website Designer', 'Zoo']"
121,"['Cosmetics Store', 'Beauty Supply Store', 'Beauty Salon']"
122,"['Craft Store', 'Art Supply Store', 'Fabric Store', 'Gift Shop', 'Picture Frame Shop', 'Scrapbooking Store', 'Stationery Store', 'Art School', 'Bead Store', 'Building Materials Store', 'Event Venue', 'Hobby Shop', 'Paint Store']"
123,"['Apartment Complex', 'Apartment Rental Agency', 'Apartment Building', 'Furnished Apartment Building']"
124,"['Mexican Restaurant', 'Bar', 'Family Restaurant']"
125,"['Health Club', 'Physical Fitness Program', 'Gym', 'Sports Club', 'Aerobics Instructor', 'Boxing Gym', 'Company', 'Spa', 'Sports Complex', 'Swimming Pool', 'Tennis Club']"
126,"['Sporting Goods Store', 'Gun Shop', 'Tennis Store', 'Badminton Court', 'Bicycle Shop', 'Golf Instructor', 'Gym', 'Motorcycles', 'Roller Skating Rink', 'Shooting Range', 'Sportswear Store', 'Table Tennis Supply Store', 'Tennis Instructor']"
127,"['Vitamin & Supplements Store', 'Health Food Store', 'Herb Shop', 'Wellness Program', 'Alternative Medicine', 'Beauty', 'Distribution Service', 'Food Store', 'Natural Foods Store', 'Nutritionist']"
128,"['Dance School', 'Dance Company', 'Gymnastics Center', 'Ballroom', 'Ballroom Dance Instructor', 'Dance Hall', 'Karate School', 'Night Club', 'Party Planner', 'Physical Fitness Program']"
129,"['Family Practice Physician', 'General Practitioner', 'Health', 'Internist', 'Medical Center', 'Occupational Medical Physician', 'Pediatrician', 'STD Testing Service', 'Walk-In Clinic']"
130,"['Marketing Consultant', 'Internet Marketing Service', 'Website Designer', 'Business Management Consultant', 'Business to Business Service', 'Computer Consultant', 'Computer Security Service', 'Corporate Campus', 'Credit Counseling Service', 'Financial Planner', 'Business Development Service', 'Loan Agency', 'Natural Gas Supplier', 'Telecommunications Equipment...', 'Telecommunications Service...', 'Telephone Company', 'Video Production Service', 'Bankruptcy Service']"
131,"['Bar & Grill', 'Sports Bar', 'Steak House', 'European Restaurant', 'Asian Restaurant', 'Lounge', 'Pub', 'Night Club', 'New American Restaurant', 'Middle Eastern Restaurant', 'Irish Restaurant', 'Lodge', 'Hamburger Restaurant', 'Gastropub', 'Fine Dining Restaurant', 'Dessert Restaurant', 'Californian Restaurant', 'Brewpub', 'Turkish Restaurant']"
132,"['Cocktail Bar', 'Lounge', 'Live Music Venue', 'Pool Hall', 'Californian Restaurant', 'Cigar Shop', 'Gay Bar', 'Indonesian Restaurant', 'Karaoke Bar', 'Night Club', 'Pub', 'Restaurant', 'Restaurant or Cafe', 'Wine Bar']"
133,"['Landscaper', 'Lawn Care Service', 'Landscape Designer', 'Concrete Contractor', 'Architect', 'Fireplace Store', 'Garden', 'Irrigation Equipment Supplier', 'Landscape Architect', 'Landscape Lighting Designer', 'Masonry Contractor', 'Tree Service']"
134,"['Costume Store', 'Wig Shop', 'Vintage Clothing Store', 'Costume Rental Service']"
135,"['Carpet Cleaning Service', 'Upholstery Cleaning Service', 'House Cleaning Service', 'Cleaning Service', 'Janitorial Service', 'Window Cleaning Service', 'Antique Store', 'Carpet Installer', 'Oriental Rug Store', 'Rug Store', 'Tile Store', 'Water Damage Restoration...']"
136,"['Liquor Store', 'Wine Store', 'Mexican Grocery Store', 'Money Order Service']"
137,"['Corporate Campus', 'Computers', 'Manufacturer', 'Market Researcher', 'Pharmaceutical Company', 'Repairs', 'Research Foundation', 'Sporting Goods Store', 'Telecommunications', 'Telecommunications Service...', 'Video Production Service']"
138,"['Pediatric Dentist', 'Cosmetic Dentist', 'Dental Clinic', 'Dental Implants Periodontist', 'Emergency Dental Service']"
139,"['Shoe Store', 'Sportswear Store', ""Children's Clothing Store"", 'Department Store', 'Army & Navy Store', 'Lingerie Store', ""Men's Clothing Store"", 'Orthopedic Shoe Store', 'Running Store', 'Skateboard Shop', 'Stores and Shopping', 'Surplus Store']"
140,"['Supermarket', 'Indian Grocery Store', 'Grocery Store or Supermarket', 'Gourmet Grocery Store', 'Asian Grocery Store', 'Butcher Shop', 'Oriental Goods Store', 'Produce Market', 'Seafood Market', 'Spice Store', 'Stores and Shopping', 'Wholesale Club', 'Wholesale Grocer']"
141,"['Stores and Shopping', 'Beer Store', 'Butcher Shop', 'Gourmet Grocery Store', 'Japanese Grocery Store', 'Bridal Shop', 'Marble Supplier', 'Wine Store', 'Wedding Bakery', 'Vitamin & Supplements Store', 'Seminary', 'Running Store', 'Model Train Store', 'Meat Processor', 'Knitting Instructor', 'Locksmith', 'Janitorial Service', 'Hobby Shop', 'HVAC Contractor', 'Granite Supplier', 'Food Store', 'Entertainment and Recreation', 'Deli', 'Yarn Store']"
142,"['Department Store', 'Discount Store', 'Home Improvement Store', 'Warehouse', 'Home Goods Store', 'Appliance Store', 'Outdoor Furniture Store', 'Wholesale Club', 'Video Store', 'Tool Store', 'Tire Shop', 'Store', 'Small Appliance Repair Service', 'Produce Market', 'Packaging Supply Store', 'Lumber Store', 'Optician', 'Army & Navy Store', 'Luggage Store', 'Linens Store', 'Hardware Store', 'Gift Shop', 'Food Products Supplier', 'Electronics Store', 'Dollar Store', 'Wholesaler']"
143,"['Locksmith', 'Towing Service', 'Auto Wrecker', 'Auto Auction', 'Car Battery Store', 'Garage Door Supplier', 'Key Duplication Service']"
144,"['Entertainment and Recreation', 'Sporting Goods Store', 'Running Store', 'Dance Store', 'Dive Shop', 'Health and Beauty', 'Horse Riding School', 'SCUBA Instructor', 'Ski Rental Service', 'Ski Shop', 'Soccer Store', 'Stable', 'Toy Store']"
145,"['Chinese Restaurant', 'Catering', 'Delivery Restaurant', 'Dim Sum Restaurant', 'Fast Food Restaurant', 'Seafood Restaurant', 'Caterer', 'Vegetarian Restaurant', 'Box Lunch Supplier', 'Family Restaurant', 'Restaurant', 'Soup Restaurant', 'Vegan Restaurant']"
146,"['Apartment Rental Agency', 'Condominium Rental Agency', 'Property Management Company']"
147,"[""Men's Clothing Store"", 'Boutique', ""Children's Clothing Store"", 'Clothing Alteration Service', 'Costume Store', 'Fabric Store', 'Maternity Store', 'Skate Shop', 'Sunglasses Store', 'Tuxedo Shop', 'Used Clothing Store', 'Vintage Clothing Store']"
148,"['Used Car Dealer', 'Auto Repair Shop', 'Car Dealer', 'Toyota Dealer', 'Honda Dealer', 'Hyundai Dealer', 'Mazda Dealer', 'Used Auto Parts Store', 'Truck Dealer', 'Subaru Dealer', 'Nissan Dealer', 'Mercedes Benz Dealer', 'Auto Body Parts Supplier', 'Lexus Dealer', 'Auto Body Shop', 'Ford Dealer', 'Chevrolet Dealer', 'Car Repair and Maintenance', 'Car Leasing Service', 'Infiniti Dealer']"
149,"['Church', 'Religious Organization', 'Buddhist Temple', 'Catholic Church', 'Counselor', 'Family Service Center', 'Presbyterian Church', 'Yoga Studio']"
150,"['Gas Station', 'ATM Location', 'Brake Shop', 'Mechanic', 'Self Service Car Wash', 'Smog Inspection Station']"
151,"['Yoga Studio', 'Meditation Instructor', 'Gym', 'Personal Trainer', 'Pilates Studio', 'Retreat Center', 'Rock Climbing Gym', 'Store', 'Tai Chi School', 'Wellness Program']"
152,"['Fast Food Restaurant', 'Restaurant', 'Sandwich Shop']"
153,"['Airport Shuttle Service', 'Taxi Service', 'Limousine Service', 'Car Service', 'Airport Parking Lot', 'Bus Charter', 'Park & Ride', 'Taxicab Stand', 'Valet Parking Service', 'Van Rental Agency']"
154,"['Business Management Consultant', 'Computer Consultant', 'Business Center', 'Business Development Service', 'Advertising Agency', 'Amusement Center', 'Computer Store', 'Counselor', 'Internet Service Provider', 'Jewelry Store', 'Liquidator', 'Marketing Agency', 'Playground', 'Telephone Company', 'Temp Agency', 'Website Designer']"
155,"['Transmission Shop', 'Auto Repair Shop', 'Brake Shop', 'Mechanic', 'Audi Dealer', 'Auto Radiator Repair Service', 'Auto Tune Up Service', 'Engine Rebuilding Service', 'Porsche Dealer', 'Service Station', 'Tire Shop', 'Trucking Company']"
156,"['Delivery Restaurant', 'Pizza Restaurant', 'Takeout Restaurant', 'American Restaurant', 'Box Lunch Supplier', 'Caterer', 'European Restaurant', 'Latin American Restaurant', 'Mediterranean Restaurant', 'Pizza Delivery']"
157,"['Auto Insurance Agency', 'Home Insurance Agency', 'Life Insurance Agency', 'Insurance Agency', ""Renter's Insurance Agency"", 'Auto Broker', 'Motorcycle Insurance Agency', 'Tours', 'Travel Agency']"
158,"['Garden Center', 'Plant Nursery', 'Hardware Store', 'Hydroponics Equipment Supplier', 'Tool Store', 'Wholesale Plant Nursery', 'Botanical Garden', 'Landscaping Supply Store', 'Lawn Mower Store']"
159,"['Asian Restaurant', 'Restaurant', 'Southeast Asian Restaurant']"
160,"['Baptist Church', 'Bible Church', 'Church', 'Private School', 'Religious School']"
161,"['Indian Grocery Store', 'Food Products Supplier', 'Spice Store', 'Video Store']"
162,"['Insurance Agency', 'Bank', 'Life Insurance Agency', 'Cars', 'Department of Motor Vehicles', 'Home Insurance Agency', 'Motorcycle Insurance Agency', 'Notary Public', 'Title Company']"
163,"['City Government Office', 'Police Department', 'Emergency Services', 'Employment Center', 'Paving Contractor', 'Police Station', 'Public Works Department', 'Sports Club']"
164,"['Brake Shop', 'Auto Electrical Service', 'Auto Tune Up Service', 'Auto Repair Shop', 'Air Conditioning Repair...', 'Auto Body Shop', 'Auto Machine Shop', 'Auto Radiator Repair Service', 'Car Rental Agency', 'Powder Coating Service', 'Tire Shop', 'Transmission Shop', 'Wheel Alignment Service', 'Wheel Store']"
165,"['Day Care Center', 'Preschool', 'Child Care Agency', 'Kindergarten', 'After School Program', 'Non-Profit Organization', 'Religious Organization', 'Religious School', 'Tutoring Service']"
166,"['Gift Shop', 'Wine Store', 'Jewelry Store', 'Boutique', 'Tea House', 'Chocolate Shop', 'Art Gallery', 'Tea Store', 'Stationery Store', 'Restaurant', 'Pen Store', 'Music Store', 'Kitchen Supply Store', 'Art Dealer', 'Jewelry', 'Hobby Shop', 'Greeting Card Shop', 'Fashion Accessories Store', 'Dessert Shop', 'Cabinet Store', 'Art Supply Store', 'Home Goods Store']"
167,['Laundromat']
168,"['Juice Shop', 'Tea House', 'Health Food Restaurant', 'Health Food Store', 'Dessert Restaurant', 'Dessert Shop', 'Travel']"
169,"['Asian Restaurant', 'Seafood Restaurant', 'Japanese Restaurant', 'Sushi Restaurant', 'Restaurant', 'Taiwanese Restaurant']"
170,"['Painter', 'Jeweler', 'Mattress Store', 'Gym', 'Legal Services', 'Property Management Company', 'Pediatrician', 'Motel', 'Night Club', 'Video Game Store', 'Thrift Store', 'Art Gallery', 'French Restaurant', 'Appliance Store', 'Car Stereo Store', 'Watch Repair Service', 'Internist', 'Manufacturer', 'Mailing Service', 'Event Venue', 'Event Planner', 'Pet Groomer', 'Shipping Service', 'Home Goods Store', 'Gun Shop', 'Catholic Church', 'Nonclassified Establishments', 'General Contractor', 'Hamburger Restaurant', 'Family Law Attorney', 'Car Dealer', 'Lounge', 'Wine Bar', 'Travel Agency', 'Home Improvement Store', 'Social Services Organization', 'Golf Club', 'Wine Store', 'Live Music Venue', 'University', 'Frozen Yogurt Shop', 'Roofing Contractor', 'Recycling Center', 'Musical Instrument Store', 'College', 'Personal Injury Attorney', 'Office Supply Store', 'Garage Door Supplier', 'Lighting Store', 'Golf Driving Range', 'Association or Organization', 'Vegetarian Restaurant', 'Musical Instrument Repair Shop', 'Kitchen Remodeler', 'Entertainment', ""Children's Clothing Store"", 'Kennel', 'Accountant', 'Museum', 'Amusement Center', 'Performing Arts Theater', 'Religious Organization', 'Jewelry Designer', 'Motorcycle Repair Shop', 'Website Designer', 'Jewelry Repair Service', 'Motorcycle Parts Store', 'Parking Lot', 'Sports Complex', 'Bridal Shop', 'Thai Restaurant', 'Loan Agency', 'Party Equipment Rental Service', 'Tutoring Service', 'Commercial Printer', 'Hospital', 'Video Arcade', 'Waxing Hair Removal Service', 'Tree Service', 'Interior Designer', 'Internet Marketing Service', 'Medical Clinic', 'Medical Supply Store', 'Limousine Service', 'Employment Agency', 'Air Conditioning Repair...', 'Air Conditioning Contractor', 'Hobby Shop', 'Amusement Park', 'Skin Care Clinic', 'Divorce Attorney', 'HVAC Contractor', 'Telecommunications Service...', 'Wholesaler', 'Hindu Temple', 'Wedding Venue', 'Public Golf Course', 'Advertising Agency', 'Federal Government Office', 'Karaoke Bar', 'Party Store', 'Manufacturing, Mining...', 'Bottled Water Supplier', 'Tennis Court', 'Physical Therapist', 'Spa', 'Pool Hall', 'Pest Control Service', 'Used Book Store', 'Banquet Hall', 'Dog Day Care Center', 'Home Builder', 'Party Planner', 'Condominium Complex', 'County Government Office', 'Wedding Bakery', 'Church of Jesus Christ of...', 'House Cleaning Service', 'Pub', 'Watch Store', 'Shipping and Mailing', 'Presbyterian Church', 'Parking Garage', 'Solar Energy Equipment...', 'Tea House', 'Granite Supplier', 'Ethiopian Restaurant', 'Community College', 'Lumber Store', 'Embroidery Shop', 'Shoe Repair Shop', 'Tattoo Shop', 'Stadium', 'Shooting Range', 'Car Repair and Maintenance', 'Flooring Store', 'Caterer', 'Used Tire Shop', 'Lingerie Store', 'Car Service', 'Graphic Designer', 'Library', 'Contractor', 'Gymnastics Center', 'Tropical Fish Store', 'Security Guard Service', 'Country Club', 'Freight Forwarding Service', 'Golf Shop', 'Plastic Surgeon', 'Video Store', 'Movie Rental', 'Picture Frame Shop', 'African Restaurant', 'Recreation Center', 'Beer Store', 'Orthopedic Surgeon', 'RV Repair Shop', 'Alcoholism Treatment Program', 'After School Program', 'Psychologist', 'Bistro', 'Appliance Repair Service', 'Airline', 'Bathroom Remodeler', 'Public Swimming Pool', 'Apartment Complex', 'Air Duct Cleaning Service', 'Automobile Storage Facility', 'Bankruptcy Attorney', 'Stereo Store', 'Greek Restaurant', 'Title Company', 'Truck Repair Shop', 'Baby Store', 'Immigration Attorney', 'Guitar Store', 'Federal Government Contractors', 'Real Estate Consultant', 'Tailor', 'Upholstery Shop', 'Sportswear Store', 'Music Instructor', 'Herb Shop', 'Assisted Living Facility', 'Driving School', 'Company', 'Office Space Rental Agency', 'Financial Planner', 'Consignment Shop', 'Holistic Medicine Practitioner', 'Wedding Photographer', 'Drug Addiction Treatment...', 'Auto Electrical Service', 'Pet Supply Store', 'Hookah Bar', 'Self Defense School', 'Chocolate Shop', 'Mosque', 'Obstetrician-Gynecologist', 'Paving Contractor', 'Middle School', 'Dermatologist', 'Used Musical Instrument Store', 'Estate Planning Attorney', 'Business Development Service', 'Learning Center', 'Dollar Store', 'Luggage Store', 'Residential Area', 'Landscape Designer', 'Laboratory', 'Bedroom Furniture Store', 'Exporter', 'Department of Motor Vehicles', 'Dog Trainer', 'Car Alarm Supplier', 'Refrigerator Repair Service', 'Karate School', 'Telecommunications Equipment...', 'Soccer Field', 'Boutique', 'Sports Club', 'Airport Parking Lot', 'Pet Sitter', 'Furnace Repair Service', 'Funeral Home', 'Wood Floor Refinishing Service', 'Diamond Dealer', 'Psychotherapist', 'Consultant', 'Malaysian Restaurant', 'Airport', 'Hat Shop', 'Sign Shop', 'Concrete Contractor', 'DJ', 'Private Investigator', 'Physical Therapy Clinic', 'Futon Store', 'Window Cleaning Service', 'Glass & Mirror Shop', 'Computer Store', 'Anesthesiologist', 'Tile Store', 'Door Supplier', 'Small Appliance Repair Service', 'Criminal Justice Attorney', 'Wholesale Bakery', 'Window Treatment Store', 'Skateboard Shop', 'Alternative Medicine', 'Guitar Instructor', 'Pottery Store', 'Game Store', 'GPS Supplier', 'Passport Photo Processor', 'Outdoor Sports Store', 'Convention Center', 'Appliance Parts Supplier', 'Festival', 'Shipping Company', 'Leather Goods Store', 'Electric Vehicle Charging...', 'T-shirt Store', 'Baseball Field', 'Jewelry Store', 'SCUBA Instructor', 'Family Counselor', 'Electrical Supply Store', 'Fabric Store', 'Kitchen Supply Store', 'Cabinet Maker', 'Language School', 'Piano Instructor', 'Swimming Pool Supply Store', 'Video Production Service', 'Motorcycle Dealer', 'Metal Fabricator', 'Pilates Studio', 'Swimming Instructor', 'Mechanic', 'Research Foundation', 'Vacuum Cleaner Store', 'Restaurant or Cafe', 'Plastic Fabrication Company', 'Vegan Restaurant', 'Machine Shop', 'Mailbox Rental Service', 'Marriage Counselor', 'Entertainer', 'Adult Education School', 'Real Estate Developer', 'Music School', 'Music Store', 'Welder', 'RV Dealer', 'Historical Place', 'Historical Society', 'RV Park', 'Collectibles Store', 'Coin Dealer', 'History Museum', 'Auditorium', 'RV Storage Facility', 'Fence Contractor', 'Dry Wall Contractor', 'Feed Store', 'Dog Park', 'Catering', 'Internet Service Provider', 'Yarn Store', 'Ice Skating Rink', 'Trophy Shop', 'East African Restaurant', 'Warehouse', 'Check Cashing Service', 'Mover', 'Piano Store', ""Farmers' Market"", 'Flight School', 'Fireplace Store', 'Steel Distributor', 'Fishing Store', 'Fire Station', 'Sports Massage Therapist', 'Sunglasses Store', 'Farm', 'Police Department', 'Restaurant Supply Store', 'Foreclosure Service', 'Engineering Consultant', 'Seafood Wholesaler', 'Screen Printer', 'Janitorial Service', ""Jehovah's Witness Kingdom Hall"", 'Jewelry Appraiser', 'Record Store', 'Reflexologist', 'Kickboxing School', 'Miniature Golf Course', 'Laser Equipment Supplier', 'Souvenir Store', 'Metal Supplier', 'Laser Hair Removal Service', 'Retirement Home', 'Linens Store', 'Mental Health Service', 'Religious Goods Store', 'Meeting Room', 'Luxury Hotel', 'Marble Supplier', 'Insurance', 'Ranch', 'Muffler Shop', 'Immigration & Naturalization...', 'Portrait Studio', 'Social Security Office', 'Gold Dealer', 'Government', 'Paintball Center', 'Paint Store', 'Packaging Supply Store', 'Private Golf Course', 'Outlet Store', 'Hair Removal Service', 'Shredding Service', 'Hiking Area', 'Historical Landmark', 'Home Health Care Service', 'Home Theater Store', 'Senior Citizen Center', 'Musical Instrument Rental...', 'Hot Tub Store', 'Hydroponics Equipment Supplier', 'Office Furniture Store', 'Storage Facility', 'Unitarian Universalist Church', 'Tea Store', 'Distribution Service', 'Water Park', 'Dive Shop', 'Telecommunications Contractor', 'Copy Shop', 'Cabinet Store', 'Urgent Care Facility', 'Audio Visual Equipment...', 'Costume Store', 'Asian Massage Therapist', 'Campground', 'Uniform Store', 'Conference Center', 'Tuxedo Shop', 'Art Supply Store', 'Tourist Information Center', 'Business Related', 'BMW Motorcycle Dealer', 'Trucking Company', 'Cruise Agency', 'Boot Repair Shop', 'Bowling Alley', 'Data Recovery Service', 'Variety Store', 'Brewing Supply Store', 'Culture', 'Brewpub', 'Bedding Store', 'Washer & Dryer Repair Service', 'Used Office Furniture Store', 'Batting Cage Center', 'Bathroom Supply Store', 'Bus Charter', 'Basketball Court', 'Walk-In Clinic', 'Balloon Store', 'E-commerce Service', 'Body Piercing Shop', 'Electronic Parts Supplier', 'Casino', 'Comedy Club', ""Women's Health Clinic"", 'Comic Book Store', 'Trial Attorney', 'Emergency Room', 'Aerospace Company', 'Window Tinting Service', 'Window Supplier', 'Window Installation Service', 'Animal Shelter', 'Swim Club', 'Airsoft Supply Store', 'Cemetery', 'Aquarium', 'Christian Church', 'Yogurt', 'Employment Attorney', 'Cars', 'City Hall', 'Architect', 'Wheelchair Repair Service', 'Art', 'Transportation Infrastructure', 'Bookkeeping Service', 'Light Rail Station', 'Importer', 'Boot Store', 'Cheese Shop', 'Bottle & Can Redemption Center', ""Children's Hospital"", 'Used Motorcycle Dealer', ""Children's Furniture Store"", 'Brewery', 'Building Materials Store', 'Machining Manufacturer', 'Box Lunch Supplier', 'Buddhist Temple', 'Christmas Store', 'Retirement Communities & Homes', 'Endodontist', 'Used Computer Store', 'Business Center', 'Car Rental', 'Jewelry Buyer', 'Jamaican Restaurant', 'Sandblasting Service', 'Car Battery Store', 'Jujitsu School', 'Carpet Store', 'Camp', 'Market', 'United Methodist Church', 'Californian Restaurant', 'Kung Fu School', 'Cable Company', 'Landscape Architect', 'Business to Business Service', 'Used CD Store', 'Laser Tag Center', 'Retreat Center', 'Charity', 'Indonesian Restaurant', 'Truck Accessories Store', 'Trucking School', 'Used Clothing Store', 'Employment Center', 'Middle Eastern Restaurant', 'Martial Arts Supply Store', 'Attorneys', 'Art Center', 'Private University', 'Art Museum', 'Probation Office', 'Produce Wholesaler', 'Oriental Goods Store', 'Art School', 'Organic Restaurant', 'Artist', 'Optician', 'Ophthalmologist', 'Western Apparel Store', 'Asian Fusion Restaurant', 'Asian Grocery Store', 'Asphalt Contractor', 'Pain Control Clinic', 'Park & Ride', 'Parking', 'Yamaha Motorcycle Dealer', 'Pizza Takeout', 'Abortion Clinic', 'Plumbing Supply Store', 'Adult Entertainment Club', 'Afghani Restaurant', 'Aikido School', 'Pet Adoption Service', 'Wholesale Plant Nursery', 'Wood Stove Shop', 'Persian Restaurant', 'Winemaking Supply Store', 'Amazon Locker', 'Pawn Shop', 'Pregnancy Care Center', 'Welding Supply Store', 'Audio Visual Consultant', 'Boat Repair Shop', 'Non-Denominational Church', 'Bed & Breakfast', ""City Clerk's Office"", 'Methodist Church', 'Bicycle Rental Service', 'Video Editing Service', 'Video Conferencing Service', 'Biotechnology Company', 'Medical Spa', 'Religious School', 'Medical Diagnostic Imaging...', 'Blood Donation Center', 'Repairs', 'Mechanical Contractor', 'Boat Dealer', 'Boat Rental Service', 'Vintage Clothing Store', 'Recruiter', 'Baseball Club', 'Nature Preserve', 'RV Rental Agency', 'Wedding Store', 'Newsstand', 'Newspaper Publisher', 'New American Restaurant', 'Wedding Planner', 'Radio Broadcaster', 'Volleyball Court', 'Auto Upholsterer', 'Railroad Company', 'Awning Supplier', 'Baby Clothing Store', 'Bail Bonds Service', 'Banner Store', 'Honda Dealer', 'Caribbean Restaurant', 'Garbage Collection Service', 'Flooring Contractor', 'Donut Shop', 'County Courthouse', 'Skateboard Park', 'Counselor', 'Gastropub', 'Gun Club', 'Tae Kwon Do School', 'Stock Broker', 'Gurudwara', 'Gutter Cleaning Service', 'Donations Center', 'Handyman', 'Stone Supplier', 'Garbage Dump Service', 'Sofa Store', 'Hair Care', 'Food Products Supplier', 'Hairdresser', 'Family Restaurant', 'Gift Basket Store', 'Construction', 'Family Planning Center', 'Tennis Store', 'Tanning Salon', 'Ski Shop', 'Tool Rental Service', 'Fire Departments', 'Dressmaker', 'Thai Massage Therapist', 'DVD Store', 'Stained Glass Studio', 'Golf Course', 'Custom T-shirt Store', 'Golf Instructor', 'Soccer Store', 'Fine Dining Restaurant', 'Tile Contractor', 'Gourmet Grocery Store', 'Drafting Service', 'Financial Consultant', 'State Park', 'General Practice Attorney', 'Fish Farm', 'Skylight Contractor', 'Credit Counseling Service', 'Courthouse', 'Dance Store', 'Sightseeing Tour Agency', 'Continental Restaurant', 'Harley-Davidson Dealer', 'Heating Contractor', 'Surf Shop', 'Hawaiian Restaurant', 'Computer Software', 'Temp Agency', 'Environmental Program', 'Trade School', 'Southeast Asian Restaurant', 'Furnished Apartment Building', 'Television Station', 'Coffee Shops', 'Spa Resort', 'Sewing Machine Repair Service', 'Diagnostic Center', 'Digital Printer', 'Club', 'Train Station', 'Fraternal Organization', 'Engineer', 'Engine Rebuilding Service', 'Transportation', 'Diner', 'Swimming Pool Contractor', 'Tax Department', 'Dental Insurance Agency', 'Swimming Pool Repair Service', 'Evangelical Church', 'Swimwear Store', 'Ford Dealer', 'Dental Implants Periodontist', 'Fair', 'Electric Utility Company', 'Executive Suite Rental Agency', 'Health & Medical...', 'Facial Spa', 'Synagogue', 'Electrical Substation', 'Food Store', 'Computer Training School', 'Racing Car Parts Store', 'Washer & Dryer Store', 'Sports Activity Location', 'Quilt Shop', 'Pumpkin Patch', 'Wedding & Reception Sites', 'Water Testing Service', 'Sports Card Store', 'Ramen Restaurant', 'Technical School', 'Spanish Restaurant', 'Water Sports Equipment Rental...', 'Sports Medicine Physician', 'Spinning', 'Water Damage Restoration...', 'Water Softening Equipment...', 'Sports Medicine Clinic', 'Taiwanese Restaurant', 'Public Transit Route', 'Surgeon', 'Windows', 'Strip Club', 'Studio Rental', 'Swiss Restaurant', 'Wood Floor Installation...', 'Woodworker', 'Portable Steel Containers', 'Pool Cleaning Service', 'Police Supply Store', 'Suzuki Dealer', 'Storage Units', 'Surgical Center', 'Police', 'business insurance', 'hair salon', 'Podiatrist', 'haircut', 'Surplus Store', 'Plaza', 'marijuana dispensary', 'Stores - Wireless Service', 'Table Tennis Facility', 'Tax Attorney', 'Tank Build', 'Public Relations Firm', 'Stage Lighting Equipment...', 'Public Market', 'Wellness Program', 'Tax Assessor', 'Tapas Restaurant', 'Protestant Church', 'State Police Department', 'Stationery Store', 'Ready Mix Concrete Supplier', 'Wholesale Grocer', 'Tai Chi School', 'Steel Fabricator', 'Wheel Alignment-frm/axle Svc...', 'Wheel Store', 'Wheelchair Rental Service', 'Tack Shop', 'Playground', 'Wheelchair Store', 'Pretzel Store', 'Telephone Equipment & Systems...', 'Services - Electronics Repair', 'Real Estate Attorney', 'Rustic Furniture Store', 'Sand & Gravel Supplier', 'Sheet Music Store', 'Tractor Dealer', 'Townhouse Complex', 'Salvadoran Restaurant', 'Tours', 'Tourist Attraction', 'Shrine', 'Typewriter Repair Service', 'SCUBA Tour Agency', 'Signs (mfrs)', 'Saw Sharpening Service', 'Running Store', 'Rug Store', 'Tour Operator', 'Roofing Supply Store', 'Used Appliances', 'Roofer', 'Topsoil Supplier', 'Singles Organization', 'Used Bicycle Shop', 'Top Rated San Jose Law Firm', 'Sheet Metal Contractor', 'School Administrator', 'Telescope Store', 'Trademark Attorney', 'Services - Computer Networking', 'Services', 'Travel', 'Semiconductor Devices (mfrs)', 'Travel - Cruises', 'Trailer Repair Shop', 'Security Service', 'Services - Pet Sitting', 'Trailer Rental Service', 'Trading Card Store', 'Security', 'School District', 'Second Hand Stores', 'Truck Dealer', 'Seafood Market', 'Sewing Shop', 'Sculpture Museum', 'Scooter Repair Shop', 'Sharpening Service', 'Truck Wash', 'Scooter Rental Service', 'Schools', 'Retreat Houses', 'Tool Store', 'Retirement Community', 'Vineyard Church', 'Social Networking Website', 'Rental Property', 'Social Service & Welfare...', 'Social Worker', 'Veterinary Clinic', 'Religious Organizations', 'Transportation Escort Service', 'Video Game Rental Service', 'Tennis Instructor', 'Religious Destination', 'Soil Testing Service', 'Used Furniture Store', 'Reiki Therapist', 'Tennis Club', 'Regional Airport', 'Refrigerator Store', 'Sound Systems & Equipment...', 'Soup Restaurant', 'Recreation', 'Violin Shop', 'Television Repair Service', 'Wallpaper Store', 'Veterinary Care', 'Residential', 'Residential Care Home', 'Resort', 'Skeet Shooting Range', 'Retailer', 'Ski Rental Service', 'Retail Stores - Plants', 'Retail Stores - Outlets', 'Vacation Home Rental Agency', 'Retail Stores - Opticians', 'Retail Stores - Camera...', 'Retail Stores - Banks', 'Tiling & Flooring', 'Valet Parking Service', 'Snowboard Rental Service', 'Thrift Shops', 'Snowboard Shop', 'Sober Home', 'Soccer', 'Vending Machine Supplier', 'Theme Park', 'Restaurant Japanese', 'Veterinarians', 'Restaurant Indian', 'ATM', 'Invitation Printing Service', 'Plant Nursery', 'Clubs', 'Computer & Equipment Dealers', 'Computer Integrated Systems...', 'Computer Security Service', 'Computer Software Store', 'Computers', 'Computers-system Designers...', 'Concert Hall', 'Condominium Rental Agency', 'Contractors', 'Cookie Shop', 'Coral Reef', 'Corporate Housing', 'Courier Service', 'Cuban Restaurant', 'Culinary School', 'Currency Exchange Service', 'Custom Home Builder', 'Custom Label Printer', 'Cutlery Store', 'Coffee Roasting (whls)', 'Clean up Furniture Mattress...', 'Dairy Store', 'Civic Center', 'Camping Store', 'Candy & Confectionery-Retail', 'Candy Making Supplies', 'Car Leasing Service', 'Car Sharing Location', 'Car Washing & Polishing', 'Carpet Installer', 'Certified Public Accountant', 'Chamber of Commerce', 'Charter School', 'Chicken Hatchery', 'Child Care Agency', 'Child Psychologist', ""Children's Museum"", 'Chimney Sweep', 'Christmas Tree Farm', 'Churches', 'Cigar Cigarette & Tobacco...', 'Cinema', 'Dairy Products-retail', 'Dance Company', 'Pie Shop', 'Ear Piercing Service', 'Educational Consultant', 'Educational Consultants', 'Educational Service-business', 'Elder Law Attorney', 'Electrical Engineer', 'Electronic Equipment...', 'Electronics', 'Electronics Repair Shop', 'Elevator Service', 'Emergency Care Physician', 'Emergency Dental Care', 'Emergency Dental Service', 'Emergency Services', 'Emergency Training School', 'Engineers', 'Engraver', 'Entertainment Agency', 'Episcopal Church', 'Estate Liquidator', 'Eclectic Restaurant', 'Dump Truck Service', 'Data Communications Systems...', 'Drum Store', 'Deck Builder', 'Delicatessens', 'Dental', 'Dental Lab', 'Dessert Restaurant', 'Diaper Service', 'Dim Sum Restaurant', 'Discount Store', 'Doctor', 'Dog Care', 'Dog Sitter', 'Dog Walker', 'Doors', 'Dress Shop', 'Drinking Water Dispenser', 'Drinking Water Fountain', 'Drive-in Movie Theater', 'Driving Instruction', 'Drug Testing Service', 'Camera Store', 'Cambodian Restaurant', 'Cake Shop', 'Apartments Unfurnished', 'Arboretum', 'Archery Range', 'Archery Store', 'Architects', 'Arena', 'Army & Navy Store', 'Army Facility', 'Arts Organization', 'Asian', 'Assemblies of God Church', 'Athletic Field', 'Audio Visual Equipment Repair...', 'Audiologist', 'Auto Body Parts Supplier', 'Auto Dent Removal Service', 'Auto Machine Shop', 'Auto Repair and Maintenance', 'Auto Restoration Service', 'Auto Tune Up Service', 'Appraiser', 'Antique Furniture Store', 'Cajun Restaurant', 'Animal Rescue Service', 'Abbey', 'Acoustical Consultant', 'Acura Dealer', 'Addiction Treatment Center', 'Administrative Offices', 'Adult Day Care Center', 'Air Compressor Repair Service', 'Aircraft Rental Service', 'Aircraft Supply Store', 'Airstrip', 'Allergist', 'Alternative Fuel Station', 'Aluminum Welder', 'Ambulance Service', 'Ammunition Supplier', 'Amphitheater', 'Amusement & Recreation NEC', 'Animal Control Service', 'Animal Protection Organization', 'Automation Consultants', 'Automobile Dealers-Used Cars', 'Automobile Glass-Service...', 'Automobile Leasing', 'Boat Trailer Dealer', 'Botanical Garden', 'Boxing Gym', 'Brazilian Restaurant', 'Bread/Other Bakery Prod-Ex...', 'Brew Pub', 'Brunch Restaurant', 'Buffet Restaurant', 'Building Restoration Service', 'Burmese Restaurant', 'Burrito Restaurant', 'Bus Line Company', 'Bus Tour Agency', 'Business Incubator', 'Business Services NEC', 'Business Services Nec', 'Butcher Shop', 'Cable Car Station', 'Cafes', 'Boat Storage Facility', 'Blueprint Service', 'Birth Center', 'Barber Schools', 'Automobile Renting', 'Automobile Repairing & Service', 'Aviation', 'Badminton Court', 'Bakers-Retail', 'Bakery/Coffee', 'Band', 'Barbecue', 'Barber Supply Store', 'Billiards Supply Store', 'Bead Store', 'Beekeepers', 'Beer Distributor', 'Beverages', 'Bible Church', 'Bicycle Repair Shop', 'Bicycles', 'Bicycles-dealers', 'Excavating Contractor', 'Eye Care Center', 'Fairground', 'Masonry Contractor', 'Massage Supply Store', 'Maternity Store', 'Meat Packer', 'Meat Wholesaler', 'Media Company', 'Medical Cannabis Collective', 'Medical Group', 'Meditation Instructor', 'Meeting Planning Service', 'Memorial Park', 'Metal Heat Treating Service', 'Microwave Oven Repair Service', 'Midwife', 'Military Base', 'Mobile Home Dealer', 'Mobile Veterinarian', 'Modern French Restaurant', 'Money Transfer Service', 'Moped Dealer', 'Massage', 'Marketing Agency', 'Jewelry', 'Make-up Artist', 'Junkyard', 'Kawasaki Motorcycle Dealer', 'Kitchenware Shop', 'Kite Field', 'Labor Relations Attorney', 'Labor Union', 'Landfills-Sanitary', 'Lasers (whls)', 'Law School', 'Lawn Equipment Rental Service', 'Lawn Mower Store', 'Life Insurance Agency', 'Light Bulb Supplier', 'Lincoln Mercury Dealer', 'Liquidator', 'Local Food Purveyors', 'Local Government Office', 'Lodge', 'Lutheran Church', 'Moroccan Restaurant', 'Mortgage Broker', 'Motor Scooter Dealer', 'Motorcycle Rental Agency', 'Orchard', 'Organizations', 'Orthodox Synagogue', 'Orthopedic Shoe Store', 'Otolaryngologist', 'Outlet Mall', 'Oxygen Equipment Supplier', 'Painting', 'Pan-Latin Restaurant', 'Pathologists', 'Perfume Store', 'Personal Chefs', 'Pet Trainer', 'Pet Washing & Grooming', 'Pharmaceutical Company', 'Photo Restoration Service', 'Physicians & Surgeons', 'Physicians & Surgeons Equip...', 'Picnic Ground', 'Oral Surgeon', 'Optometrists OD', 'Opera Company', 'Neon Sign Shop', 'Motorcycle Shop', 'Motorsports Store', 'Moving', 'Moving Supply Store', 'Music Box Store', 'National Park', 'National Reserve', 'Natural Foods Store', 'Nissan Dealer', 'Oil Refinery', 'North African Restaurant', 'Northern Italian Restaurant', 'Nudist Park', 'Nursing School', 'Nutritionist', 'Occupational Health Service', 'Occupational Therapist', 'Office Supply', 'Judo School', 'Jain Temple', 'Family Dentist', 'Formal Wear Store', 'Free Clinic', 'Fruit and Vegetable Store', 'Furniture', 'Furniture Rental Service', 'Furniture Repair Shop', 'GMC Dealer', 'Garage Builder', 'Garbage Dump', 'Garden', 'Gay & Lesbian Organization', 'Gay Bar', 'GcatTestCategory', 'General Merchandise-Retail', 'General Practitioner', 'Generators-electric (whls)', 'Glass Repair Service', 'Glass and Window Repair', 'Go Kart Track', 'Golf Resort', 'Foundation-educ Philanthropic...', 'Foreign Consulate', 'It', 'Food Service', 'Farm Equipment Supplier', 'Fashion Accessories Store', 'Fashion Designer', 'Fastener Supplier', 'Fax Service', 'Federal Credit Union', 'Fence Supply Store', 'Fencing School', 'Filipino Restaurant', 'Fingerprinting Service', 'Fire Damage Restoration...', 'Fire Protection Equipment...', 'Firearms Academy', 'Flag Store', 'Flea Market', 'Florists-Retail', 'Food', 'Food Court', 'Food Products (whls)', 'Graduate School', 'Graffiti Removal Service', 'Greeting Card Shop', 'Grills', 'Horse Boarding Stable', 'Horse Riding School', 'Hospital Equipment & Supplies...', 'Hot Spring', 'Hot Tub Repair Service', 'Ice Cream & Frozen Desserts...', 'Importers (whls)', 'Information Bureau', 'Inn', 'Insurance Attorney', 'Insurance School', 'Internal Medicine', 'International Airport', 'Internet Home Page Dev...', 'Investment Bank', 'Investment Service', 'ATV Repair Shop', 'Irish Pub', 'Isuzu Dealer', 'Home Inspector', 'Hockey Supply Store', 'Hockey Rink', 'Head Lice Removal', 'Grocers-Retail', 'Grocers-retail', 'Grocery Delivery Service', 'Grocery Store or Supermarket', 'HIV Testing Center', 'Halls & Auditoriums', 'Ham Shop', 'Handicapped Transportation...', 'Health & Medical', 'Herbs', 'Health & Medical - Dentists', 'Health Clubs Studios...', 'Health Consultant', 'Health Food Restaurant', 'Health Insurance Agency', 'Health and Beauty', 'Hearing Aid Equipment Store', 'Heating Equipment Supplier', 'walking path']"
171,"['Construction Company', 'Building Restoration Service', 'Demolition Contractor', 'Landscape Designer', 'Playground Equipment Supplier', 'Solar Energy Equipment...', 'Water Park']"
172,"['Movie Theater', 'Computer Consultant', 'Conference Center', 'Learning Center', 'Performing Arts Theater']"
173,"['Massage Therapist', 'Acupuncture Clinic', 'Reflexologist', 'Waxing Hair Removal Service', 'Wellness Program', 'Facial Spa', 'Skin Care Clinic', 'Spa', 'Sports Massage Therapist']"
174,"['Middle Eastern Restaurant', 'Persian Restaurant', 'Mediterranean Restaurant', 'Asian Restaurant', 'Family Restaurant']"
175,"['Alternative Medicine...', 'Holistic Medicine Practitioner', 'Acupuncture Clinic', 'Allergist', 'Gift Shop', 'Herb Shop', 'Medical Clinic', 'Nursing Agency', 'Pain Management Physician', 'Religious Goods Store', 'Weight Loss Service', 'Wellness Program']"
176,"['Public Library', 'Book Store', 'Government Office', 'Wi-Fi Spot']"
177,"['Bagel Shop', 'Catering', 'Sandwich Shop', 'American Restaurant', 'Dessert Shop', 'Espresso Bar', 'Fast Food Restaurant']"
178,"['Credit Union', 'Mortgage Lender', 'ATM Location', 'Federal Credit Union', 'Loan Agency']"
179,"['Youth Organization', 'Child Care Agency', 'Non-Profit Organization', 'Youth Center', 'Recreation Center', 'Swimming Instructor']"
180,"['Medical Clinic', 'Physician', 'Medical Center', 'Surgical Center']"
181,"['Shoe Repair Shop', 'Shoe Shining Service', 'Boot Repair Shop', 'Luggage Repair Service']"
182,"['Fast Food Restaurant', 'Hamburger Restaurant', 'Takeout Restaurant', 'Beverages', 'Latin American Restaurant', 'Mediterranean Restaurant', 'Steak House']"
183,"['Convenience Store', 'Grocery Store', 'Supermarket']"
184,"['Store', 'Entertainment', 'Adult Education School', 'Farm Equipment Supplier', 'RV Repair Shop', 'Optometrist', 'Middle Eastern Restaurant', 'Manufacturing, Mining...', 'Health', 'Event Planner', 'Beauty', 'Construction', 'Computer Training School', 'Computer Consultant', 'Caterer', 'Blood Donation Center', 'Bicycle Repair Shop', 'Website Designer']"
185,"['Auto Glass Shop', 'Glass Repair Service', 'Window Installation Service', 'Window Tinting Service', 'Car Dealer', 'Car Stereo Store', 'Glass & Mirror Shop']"
186,"['Coffee Shop', 'Store', 'Cafe', 'Restaurant']"
187,"['Self-Storage Facility', 'RV Storage Facility', 'Moving Supply Store', 'Professional Services', 'Boat Storage Facility', 'Mover', 'Packaging Supply Store', 'Record Storage Facility', 'Storage']"
188,"['Portrait Studio', 'Wedding Photographer', 'Make-up Artist']"
189,"['Clothing Store', 'Outlet Store', ""Men's Clothing Store"", ""Women's Clothing Store""]"
190,"['Japanese Restaurant', 'Ramen Restaurant', 'Caterer', 'Fast Food Restaurant', 'Noodle Shop', 'Tapas Restaurant']"
191,"['Pizza Restaurant', 'Pizza Takeout', 'Pizza Delivery', 'Italian Restaurant']"
192,"['Antique Store', 'Gift Shop', 'Art Gallery', 'Hobby Shop', 'Sports Card Store', 'Stores and Shopping']"
193,"['Dental Implants Periodontist', 'Teeth Whitening Service', 'Cosmetic Dentist', 'Dental Clinic', 'Denture Care Center']"
194,"['Steak House', 'Cheesesteak Restaurant', 'Fast Food Restaurant', 'Fine Dining Restaurant', 'Wine Bar']"
195,"['Smog Inspection Station', 'Auto Tune Up Service', 'Air Conditioning Repair...', 'Auto Electrical Service', 'Auto Radiator Repair Service', 'Auto Restoration Service', 'RV Repair Shop', 'Service Station', 'Tire Shop', 'Towing Service']"
196,"['Electronics Store', 'Computer Store', 'Appliance Store', 'Computer Repair Service', 'DJ Supply Store', 'Department Store', 'Electronic Parts Supplier', 'Electronics', 'Electronics Repair Shop', 'Car Repair and Maintenance', 'Gift Shop', 'Office Furniture Store', 'Office Supply Store', 'Outlet Store', 'Piano Store', 'Security Guard Service', 'Small Appliance Repair Service', 'Used Appliance Store', 'Used Computer Store']"
197,"['Candy Store', 'Gift Shop', 'Chocolate Shop', 'Dessert Shop']"
198,"['Medical Laboratory', 'Hospital', 'Medical Group']"
199,"['Facial Spa', 'Waxing Hair Removal Service', 'Nail Salon', 'Hair Salon']"
200,"['Public School', 'After School Program', 'Education - Junior High...']"
201,"['Health', 'Gymnastics Center', 'Laser Cutting Service', 'Medical Center', 'Medical Supply Store']"
202,"['Medical Center', 'Medical Clinic', 'Alternative Medicine', 'Herb Shop', 'Pharmacy', 'Naturopathic Practitioner', 'Veterans Hospital', 'Veterans Affairs Department', 'Psychiatric Hospital', 'Plastic Surgeon', 'Orthopedic Surgeon', 'Medical Spa', 'Medical Supply Store', 'Emergency Room', 'Medical Diagnostic Imaging...', 'Hospital', 'Homeopath', 'Home Health Care Service', 'Holistic Medicine Practitioner', 'Wellness Program']"
203,"['Middle School', 'Public School']"
204,"['Real Estate', 'Mobile Home Park', 'General Contractor']"
205,"['Chicken Restaurant', 'Fast Food Restaurant', 'Restaurant', 'Chicken Wings Restaurant', 'Sandwich Shop', 'Takeout Restaurant']"
206,"['Brewery', 'Brewpub', 'American Restaurant', 'Family Restaurant', 'Restaurant']"
207,"['Vietnamese Restaurant', 'Asian Fusion Restaurant', 'Restaurant', 'American Restaurant', 'Vegetarian Restaurant', 'Wine Bar']"
208,"['Notary Public', 'Mailbox Rental Service', 'Freight Forwarding Service', 'Mailing Service', 'Passport Photo Processor', 'Shipping Service', 'Shipping and Mailing', 'Book Store', 'Court Reporter', 'Greeting Card Shop', 'Money Transfer Service']"
209,"['Car Rental Agency', 'Airport Shuttle Service', 'Limousine Service', 'Timeshare Agency']"
210,"['Car Detailing Service', 'Car Wash', 'Gift Shop', 'Self Service Car Wash', 'Auto Body Shop', 'Gas Station', 'Window Tinting Service']"
211,"['Fast Food Restaurant', 'Latin American Restaurant', 'Mexican Restaurant']"
212,"['Italian Restaurant', 'Catering', 'Bistro', 'Brunch Restaurant', 'French Restaurant', 'Northern Italian Restaurant', 'Salad Shop', 'Sandwich Shop', 'Wine Bar']"
213,"['Preschool', 'Elementary School', 'Child Care Agency', 'Kindergarten', 'Language School', 'Middle School', 'Montessori School', 'Non-Profit Organization', 'Religious School', 'Tutoring Service', 'United Methodist Church', 'Wedding Chapel']"
214,"['Outdoor Furniture Store', 'Consignment Shop', 'Fireplace Store', 'Gas Logs Supplier', 'Home Goods Store', 'Used Furniture Store', 'Wood Stove Shop']"
215,"['Mortgage Lender', 'Mortgage Broker', 'Real Estate Agency', 'Loan Agency', 'Bankruptcy Service']"
216,"['Non-Profit Organization', 'Social Services Organization', 'Blood Donation Center', 'Charity', 'Family Service Center', 'Food Bank']"
217,"['Photographer', 'Bicycle Repair Shop', 'Camera Store', 'Computer Repair Service', 'Legal Services', 'Passport Photo Processor', 'Photo Lab', 'Photo Restoration Service', 'Photo Shop', 'Public Relations Firm', 'Wedding Photographer']"
218,"['Auto Parts Store', 'Auto Repair Shop', 'Acura Dealer', 'Auto Machine Shop', 'Car Service', 'Kia Dealer', 'Propane Supplier', 'Trailer Hitch Supplier', 'Volkswagen Dealer']"
219,"['Bakery', 'Cafe', 'Deli', 'American Restaurant', 'Fast Food Restaurant', 'German Restaurant', 'Ice Cream Shop', 'Sandwich Shop']"
